{
    "name": "instances/smwtp/n7_rdd1.0_tf1.0_seed0.txt:double",
    "mode": "YKR",
    "tolerance": 0.5,
    "orders": {
        "0": {
            "MAE": 965.6498053665855,
            "Normalized MAE": 0.16126416255287,
            "F1 Min": 2476.0,
            "F1 Max": 8464.0,
            "F2 Min": 5678.745238095238,
            "F2 Max": 5678.745238095238,
            "MAE-GO Orig": 3202.745238095238,
            "Normalized MAE-GO Orig": 0.5348605942042816,
            "GO Orig": 1.0,
            "MAE-GO Trunc": 965.6498053665855,
            "Normalized MAE-GO Trunc": 0.16126416255287,
            "GO Trunc": 5040.0,
            "Ranking MAE": 1420.061507936508,
            "Preserved GO": 1,
            "NPGO": 1.0,
            "Distance GOs": 2410.0,
            "Normalized distance GOs": 0.40247160988643954
        },
        "1": {
            "MAE": 125.18526360544172,
            "Normalized MAE": 0.02090602264619935,
            "F1 Min": 2476.0,
            "F1 Max": 8464.0,
            "F2 Min": 2772.816666666877,
            "F2 Max": 8222.502380952117,
            "MAE-GO Orig": 532.60238095252,
            "Normalized MAE-GO Orig": 0.08894495339888443,
            "GO Orig": 1.0,
            "MAE-GO Trunc": 100.18333333312285,
            "Normalized MAE-GO Trunc": 0.016730683589365872,
            "GO Trunc": 1.0,
            "Ranking MAE": 231.11309523809524,
            "Preserved GO": 0,
            "NPGO": 0.0,
            "Distance GOs": 397.0,
            "Normalized distance GOs": 0.0662992651970608
        },
        "2": {
            "MAE": 29.343809523815537,
            "Normalized MAE": 0.004900435792220364,
            "F1 Min": 2476.0,
            "F1 Max": 8464.0,
            "F2 Min": 2507.650000000331,
            "F2 Max": 8452.7749999997,
            "MAE-GO Orig": 70.40000000045256,
            "Normalized MAE-GO Orig": 0.011756847027463688,
            "GO Orig": 1.0,
            "MAE-GO Trunc": 231.34999999966885,
            "Normalized MAE-GO Trunc": 0.03863560454236287,
            "GO Trunc": 1.0,
            "Ranking MAE": 104.7611111111111,
            "Preserved GO": 0,
            "NPGO": 0.0,
            "Distance GOs": 263.0,
            "Normalized distance GOs": 0.04392117568470274
        },
        "3": {
            "MAE": 11.185714285702185,
            "Normalized MAE": 0.001868021757799296,
            "F1 Min": 2476.0,
            "F1 Max": 8464.0,
            "F2 Min": 2497.7500000004034,
            "F2 Max": 8529.249999999747,
            "MAE-GO Orig": 21.75000000040336,
            "Normalized MAE-GO Orig": 0.003632264529125478,
            "GO Orig": 1.0,
            "MAE-GO Trunc": 21.75000000040336,
            "Normalized MAE-GO Trunc": 0.003632264529125478,
            "GO Trunc": 1.0,
            "Ranking MAE": 85.99146825396825,
            "Preserved GO": 1,
            "NPGO": 1.0,
            "Distance GOs": 0.0,
            "Normalized distance GOs": 0.0
        },
        "4": {
            "MAE": 2.5693405780383196e-10,
            "Normalized MAE": 4.2908159285877084e-14,
            "F1 Min": 2476.0,
            "F1 Max": 8464.0,
            "F2 Min": 2476.0000000003997,
            "F2 Max": 8463.999999999762,
            "MAE-GO Orig": 3.9972292142920196e-10,
            "Normalized MAE-GO Orig": 6.675399489465631e-14,
            "GO Orig": 1.0,
            "MAE-GO Trunc": 3.9972292142920196e-10,
            "Normalized MAE-GO Trunc": 6.675399489465631e-14,
            "GO Trunc": 1.0,
            "Ranking MAE": 0.0,
            "Preserved GO": 1,
            "NPGO": 1.0,
            "Distance GOs": 0.0,
            "Normalized distance GOs": 0.0
        },
        "5": {
            "MAE": 2.5703745868956923e-10,
            "Normalized MAE": 4.2925427302867275e-14,
            "F1 Min": 2476.0,
            "F1 Max": 8464.0,
            "F2 Min": 2476.0000000004065,
            "F2 Max": 8463.999999999764,
            "MAE-GO Orig": 4.065441316924989e-10,
            "Normalized MAE-GO Orig": 6.789314156521359e-14,
            "GO Orig": 1.0,
            "MAE-GO Trunc": 4.065441316924989e-10,
            "Normalized MAE-GO Trunc": 6.789314156521359e-14,
            "GO Trunc": 1.0,
            "Ranking MAE": 0.0,
            "Preserved GO": 1,
            "NPGO": 1.0,
            "Distance GOs": 0.0,
            "Normalized distance GOs": 0.0
        },
        "6": {
            "MAE": 2.5703745868956923e-10,
            "Normalized MAE": 4.2925427302867275e-14,
            "F1 Min": 2476.0,
            "F1 Max": 8464.0,
            "F2 Min": 2476.0000000004065,
            "F2 Max": 8463.999999999764,
            "MAE-GO Orig": 4.065441316924989e-10,
            "Normalized MAE-GO Orig": 6.789314156521359e-14,
            "GO Orig": 1.0,
            "MAE-GO Trunc": 4.065441316924989e-10,
            "Normalized MAE-GO Trunc": 6.789314156521359e-14,
            "GO Trunc": 1.0,
            "Ranking MAE": 0.0,
            "Preserved GO": 1,
            "NPGO": 1.0,
            "Distance GOs": 0.0,
            "Normalized distance GOs": 0.0
        }
    }
}