{
    "name": "instances/smwtp/n7_rdd1.0_tf1.0_seed0.txt:rational",
    "mode": "YKR",
    "tolerance": 0,
    "orders": {
        "0": {
            "MAE": 965.6498053665911,
            "Normalized MAE": 0.16126416255287093,
            "F1 Min": "2476",
            "F1 Max": "8464",
            "F2 Min": 5678.745238095238,
            "F2 Max": 5678.745238095238,
            "MAE-GO Orig": 3202.745238095238,
            "Normalized MAE-GO Orig": 0.5348605942042816,
            "GO Orig": 1.0,
            "MAE-GO Trunc": 965.6498053665911,
            "Normalized MAE-GO Trunc": 0.16126416255287093,
            "GO Trunc": 5040.0,
            "Ranking MAE": 1420.061507936508,
            "Preserved GO": 1,
            "NPGO": 1.0,
            "Distance GOs": 2410.0,
            "Normalized distance GOs": 0.40247160988643954
        },
        "1": {
            "MAE": 125.18526360544217,
            "Normalized MAE": 0.020906022646199427,
            "F1 Min": "2476",
            "F1 Max": "8464",
            "F2 Min": 2772.8166666666666,
            "F2 Max": 8222.502380952381,
            "MAE-GO Orig": 532.6023809523809,
            "Normalized MAE-GO Orig": 0.08894495339886122,
            "GO Orig": 1.0,
            "MAE-GO Trunc": 100.18333333333334,
            "Normalized MAE-GO Trunc": 0.016730683589401024,
            "GO Trunc": 1.0,
            "Ranking MAE": 1075.8914682539682,
            "Preserved GO": 0,
            "NPGO": 0.0,
            "Distance GOs": 397.0,
            "Normalized distance GOs": 0.0662992651970608
        },
        "2": {
            "MAE": 29.343809523809522,
            "Normalized MAE": 0.004900435792219359,
            "F1 Min": "2476",
            "F1 Max": "8464",
            "F2 Min": 2507.65,
            "F2 Max": 8452.775,
            "MAE-GO Orig": 70.4,
            "Normalized MAE-GO Orig": 0.01175684702738811,
            "GO Orig": 1.0,
            "MAE-GO Trunc": 231.35,
            "Normalized MAE-GO Trunc": 0.03863560454241817,
            "GO Trunc": 1.0,
            "Ranking MAE": 658.1986111111111,
            "Preserved GO": 0,
            "NPGO": 0.0,
            "Distance GOs": 263.0,
            "Normalized distance GOs": 0.04392117568470274
        },
        "3": {
            "MAE": 11.185714285714285,
            "Normalized MAE": 0.0018680217578013168,
            "F1 Min": "2476",
            "F1 Max": "8464",
            "F2 Min": 2497.75,
            "F2 Max": 8529.25,
            "MAE-GO Orig": 21.75,
            "Normalized MAE-GO Orig": 0.0036322645290581164,
            "GO Orig": 1.0,
            "MAE-GO Trunc": 21.75,
            "Normalized MAE-GO Trunc": 0.0036322645290581164,
            "GO Trunc": 1.0,
            "Ranking MAE": 667.9940476190476,
            "Preserved GO": 1,
            "NPGO": 1.0,
            "Distance GOs": 0.0,
            "Normalized distance GOs": 0.0
        },
        "4": {
            "MAE": 0.0,
            "Normalized MAE": 0.0,
            "F1 Min": "2476",
            "F1 Max": "8464",
            "F2 Min": 2476.0,
            "F2 Max": 8464.0,
            "MAE-GO Orig": 0.0,
            "Normalized MAE-GO Orig": 0.0,
            "GO Orig": 1.0,
            "MAE-GO Trunc": 0.0,
            "Normalized MAE-GO Trunc": 0.0,
            "GO Trunc": 1.0,
            "Ranking MAE": 0.0,
            "Preserved GO": 1,
            "NPGO": 1.0,
            "Distance GOs": 0.0,
            "Normalized distance GOs": 0.0
        },
        "5": {
            "MAE": 0.0,
            "Normalized MAE": 0.0,
            "F1 Min": "2476",
            "F1 Max": "8464",
            "F2 Min": 2476.0,
            "F2 Max": 8464.0,
            "MAE-GO Orig": 0.0,
            "Normalized MAE-GO Orig": 0.0,
            "GO Orig": 1.0,
            "MAE-GO Trunc": 0.0,
            "Normalized MAE-GO Trunc": 0.0,
            "GO Trunc": 1.0,
            "Ranking MAE": 0.0,
            "Preserved GO": 1,
            "NPGO": 1.0,
            "Distance GOs": 0.0,
            "Normalized distance GOs": 0.0
        },
        "6": {
            "MAE": 0.0,
            "Normalized MAE": 0.0,
            "F1 Min": "2476",
            "F1 Max": "8464",
            "F2 Min": 2476.0,
            "F2 Max": 8464.0,
            "MAE-GO Orig": 0.0,
            "Normalized MAE-GO Orig": 0.0,
            "GO Orig": 1.0,
            "MAE-GO Trunc": 0.0,
            "Normalized MAE-GO Trunc": 0.0,
            "GO Trunc": 1.0,
            "Ranking MAE": 0.0,
            "Preserved GO": 1,
            "NPGO": 1.0,
            "Distance GOs": 0.0,
            "Normalized distance GOs": 0.0
        }
    }
}